Workbook

Sheet Hướng dẫn
B1: FoodRescue - Checklist công việc nhóm
B2: Nguồn: docs/FoodRescue_KeHoachPhanCong.pdf (thẻ việc mục 4, cổng kiểm tra mục 3). Mỗi việc được tách thành từng bước để tick.
B4: Cách dùng
B5: 1. Mỗi người mở sheet của mình (TV1 ... TV4), ghi tên vào ô màu vàng ở dòng 2.
B6: 2. Làm xong bước nào thì tick ô ở cột "Xong" (hoặc gõ TRUE), ghi ngày xong và link Pull Request.
B7: 3. Dòng tô màu đậm là tên việc (mã, tuần, kết quả bàn giao, giờ); các dòng bên dưới là bước cần tick.
B8: 4. Dòng "✔ Kiểm tra" ở cuối mỗi việc: chỉ tick khi đã kiểm tra đúng như mô tả (test case, câu kiểm tra SQL...).
B9: 5. Sheet "Tổng quan" tự tính % tiến độ từng người và từng tuần. Sheet "Cổng kiểm tra" để cả nhóm tick ở buổi họp cuối giai đoạn.
B10: 6. Chỉ sửa: ô vàng (tên), cột Xong, Ngày xong, Link PR, Ghi chú. Không sửa các cột khác và công thức.
B12: Biến cột "Xong" thành ô tick (làm 1 lần)
B13: • Google Sheets: chọn cột "Xong" (từ dòng bảng đầu tiên xuống cuối) → menu Chèn (Insert) → Hộp kiểm (Checkbox). Các ô FALSE thành ô trống, TRUE thành ô đã tick.
B14: • Excel 365 (bản mới): chọn cột "Xong" → tab Insert → Checkbox. Bản Excel cũ không có nút này: gõ TRUE / FALSE vào ô, tiến độ vẫn tính đúng.
... B22: Dòng đã tick tự tô xanh nhạt và gạch ngang. TV1 xanh lá · TV2 cam · TV3 xanh dương · TV4 tím (theo kế hoạch).

Sheet Tổng quan
A1: Tổng quan tiến độ
A2: Tự tính từ cột "Xong" của các sheet TV1-TV4 và Cổng kiểm tra. Không sửa sheet này.
A4: Thành viên | B4: Tên | C4: Bước xong | D4: Tổng bước | E4: Tiến độ
A5: TV1 · Nền tảng, Tài khoản, Tiền | B5: ='TV1'!B2 | C5: =COUNTIF('TV1'!$H$6:$H$102,TRUE) | D5: =COUNTIF('TV1'!$H$6:$H$102,TRUE)+COUNTIF('TV1'!$H$6:$H$102,FALSE) | E5: =IFERROR(C5/D5,0)
A6: TV2 · Cửa hàng, Túi, Kho | B6: ='TV2'!B2 | C6: =COUNTIF('TV2'!$H$6:$H$77,TRUE) | D6: =COUNTIF('TV2'!$H$6:$H$77,TRUE)+COUNTIF('TV2'!$H$6:$H$77,FALSE) | E6: =IFERROR(C6/D6,0)
A7: TV3 · Khách hàng, Bản đồ, Giao diện chung | B7: ='TV3'!B2 | C7: =COUNTIF('TV3'!$H$6:$H$75,TRUE) | D7: =COUNTIF('TV3'!$H$6:$H$75,TRUE)+COUNTIF('TV3'!$H$6:$H$75,FALSE) | E7: =IFERROR(C7/D7,0)
A8: TV4 · Giỏ hàng, Đơn, Thanh toán, Giao hàng | B8: ='TV4'!B2 | C8: =COUNTIF('TV4'!$H$6:$H$68,TRUE) | D8: =COUNTIF('TV4'!$H$6:$H$68,TRUE)+COUNTIF('TV4'!$H$6:$H$68,FALSE) | E8: =IFERROR(C8/D8,0)
A9: Cả nhóm | C9: =SUM(C5:C8) | D9: =SUM(D5:D8) | E9: =IFERROR(C9/D9,0)
A11: Tiến độ theo tuần (bước xong / tổng bước của tuần đó)
A12: Tuần | B12: Giai đoạn | C12: TV1 | D12: TV2 | E12: TV3 | G12: TV4 | H12: Cả nhóm
A13: 1 | B13: GĐ0-1 | C13: =IF((COUNTIFS('TV1'!$L$6:$L$102,$A13,'TV1'!$H$6:$H$102,TRUE)+COUNTIFS('TV1'!$L$6:$L$102,$A13,'TV1'!$H$6:$H$102,FALSE))=0,"-",COUNTIFS('TV1'!$L$6:$L$102,$A13,'TV1'!$H$6:$H$102,TRUE)&"/"&(COUNTIFS('TV1'!$L$6:$L$102,$A13,'TV1'!$H$6:$H$102,TRUE)+COUNTIFS('TV1'!$L$6:$L$102,$A13,'TV1'!$H$6:$H$102,FALSE))) | D13: =IF((COUNTIFS('TV2'!$L$6:$L$77,$A13,'TV2'!$H$6:$H$77,TRUE)+COUNTIFS('TV2'!$L$6:$L$77,$A13,'TV2'!$H$6:$H$77,FALSE))=0,"-",COUNTIFS('TV2'!$L$6:$L$77,$A13,'TV2'!$H$6:$H$77,TRUE)&"/"&(COUNTIFS('TV2'!$L$6:$L$77,$A13,'TV2'!$H$6:$H$77,TRUE)+COUNTIFS('TV2'!$L$6:$L$77,$A13,'TV2'!$H$6:$H$77,FALSE))) | E13: =IF((COUNTIFS('TV3'!$L$6:$L$75,$A13,'TV3'!$H$6:$H$75,TRUE)+COUNTIFS('TV3'!$L$6:$L$75,$A13,'TV3'!$H$6:$H$75,FALSE))=0,"-",COUNTIFS('TV3'!$L$6:$L$75,$A13,'TV3'!$H$6:$H$75,TRUE)&"/"&(COUNTIFS('TV3'!$L$6:$L$75,$A13,'TV3'!$H$6:$H$75,TRUE)+COUNTIFS('TV3'!$L$6:$L$75,$A13,'TV3'!$H$6:$H$75,FALSE))) | G13: =IF((COUNTIFS('TV4'!$L$6:$L$68,$A13,'TV4'!$H$6:$H$68,TRUE)+COUNTIFS('TV4'!$L$6:$L$68,$A13,'TV4'!$H$6:$H$68,FALSE))=0,"-",COUNTIFS('TV4'!$L$6:$L$68,$A13,'TV4'!$H$6:$H$68,TRUE)&"/"&(COUNTIFS('TV4'!$L$6:$L$68,$A13,'TV4'!$H$6:$H$68,TRUE)+COUNTIFS('TV4'!$L$6:$L$68,$A13,'TV4'!$H$6:$H$68,FALSE))) | H13: =IFERROR((COUNTIFS('TV1'!$L$6:$L$102,$A13,'TV1'!$H$6:$H$102,TRUE)+COUNTIFS('TV2'!$L$6:$L$77,$A13,'TV2'!$H$6:$H$77,TRUE)+COUNTIFS('TV3'!$L$6:$L$75,$A13,'TV3'!$H$6:$H$75,TRUE)+COUNTIFS('TV4'!$L$6:$L$68,$A13,'TV4'!$H$6:$H$68,TRUE))/((COUNTIFS('TV1'!$L$6:$L$102,$A13,'TV1'!$H$6:$H$102,TRUE)+COUNTIFS('TV1'!$L$6:$L$102,$A13,'TV1'!$H$6:$H$102,FALSE))+(COUNTIFS('TV2'!$L$6:$L$77,$A13,'TV2'!$H$6:$H$77,TRUE)+COUNTIFS('TV2'!$L$6:$L$77,$A13,'TV2'!$H$6:$H$77,FALSE))+(COUNTIFS('TV3'!$L$6:$L$75,$A13,'TV3'!$H$6:$H$75,TRUE)+COUNTIFS('TV3'!$L$6:$L$75,$A13,'TV3'!$H$6:$H$75,FALSE))+(COUNTIFS('TV4'!$L$6:$L$68,$A13,'TV4'!$H$6:$H$68,TRUE)+COUNTIFS('TV4'!$L$6:$L$68,$A13,'TV4'!$H$6:$H$68,FALSE))),0)
A14: 2 | B14: GĐ2 | C14: =IF((COUNTIFS('TV1'!$L$6:$L$102,$A14,'TV1'!$H$6:$H$102,TRUE)+COUNTIFS('TV1'!$L$6:$L$102,$A14,'TV1'!$H$6:$H$102,FALSE))=0,"-",COUNTIFS('TV1'!$L$6:$L$102,$A14,'TV1'!$H$6:$H$102,TRUE)&"/"&(COUNTIFS('TV1'!$L$6:$L$102,$A14,'TV1'!$H$6:$H$102,TRUE)+COUNTIFS('TV1'!$L$6:$L$102,$A14,'TV1'!$H$6:$H$102,FALSE))) | D14: =IF((COUNTIFS('TV2'!$L$6:$L$77,$A14,'TV2'!$H$6:$H$77,TRUE)+COUNTIFS('TV2'!$L$6:$L$77,$A14,'TV2'!$H$6:$H$77,FALSE))=0,"-",COUNTIFS('TV2'!$L$6:$L$77,$A14,'TV2'!$H$6:$H$77,TRUE)&"/"&(COUNTIFS('TV2'!$L$6:$L$77,$A14,'TV2'!$H$6:$H$77,TRUE)+COUNTIFS('TV2'!$L$6:$L$77,$A14,'TV2'!$H$6:$H$77,FALSE))) | E14: =IF((COUNTIFS('TV3'!$L$6:$L$75,$A14,'TV3'!$H$6:$H$75,TRUE)+COUNTIFS('TV3'!$L$6:$L$75,$A14,'TV3'!$H$6:$H$75,FALSE))=0,"-",COUNTIFS('TV3'!$L$6:$L$75,$A14,'TV3'!$H$6:$H$75,TRUE)&"/"&(COUNTIFS('TV3'!$L$6:$L$75,$A14,'TV3'!$H$6:$H$75,TRUE)+COUNTIFS('TV3'!$L$6:$L$75,$A14,'TV3'!$H$6:$H$75,FALSE))) | G14: =IF((COUNTIFS('TV4'!$L$6:$L$68,$A14,'TV4'!$H$6:$H$68,TRUE)+COUNTIFS('TV4'!$L$6:$L$68,$A14,'TV4'!$H$6:$H$68,FALSE))=0,"-",COUNTIFS('TV4'!$L$6:$L$68,$A14,'TV4'!$H$6:$H$68,TRUE)&"/"&(COUNTIFS('TV4'!$L$6:$L$68,$A14,'TV4'!$H$6:$H$68,TRUE)+COUNTIFS('TV4'!$L$6:$L$68,$A14,'TV4'!$H$6:$H$68,FALSE))) | H14: =IFERROR((COUNTIFS('TV1'!$L$6:$L$102,$A14,'TV1'!$H$6:$H$102,TRUE)+COUNTIFS('TV2'!$L$6:$L$77,$A14,'TV2'!$H$6:$H$77,TRUE)+COUNTIFS('TV3'!$L$6:$L$75,$A14,'TV3'!$H$6:$H$75,TRUE)+COUNTIFS('TV4'!$L$6:$L$68,$A14,'TV4'!$H$6:$H$68,TRUE))/((COUNTIFS('TV1'!$L$6:$L$102,$A14,'TV1'!$H$6:$H$102,TRUE)+COUNTIFS('TV1'!$L$6:$L$102,$A14,'TV1'!$H$6:$H$102,FALSE))+(COUNTIFS('TV2'!$L$6:$L$77,$A14,'TV2'!$H$6:$H$77,TRUE)+COUNTIFS('TV2'!$L$6:$L$77,$A14,'TV2'!$H$6:$H$77,FALSE))+(COUNTIFS('TV3'!$L$6:$L$75,$A14,'TV3'!$H$6:$H$75,TRUE)+COUNTIFS('TV3'!$L$6:$L$75,$A14,'TV3'!$H$6:$H$75,FALSE))+(COUNTIFS('TV4'!$L$6:$L$68,$A14,'TV4'!$H$6:$H$68,TRUE)+COUNTIFS('TV4'!$L$6:$L$68,$A14,'TV4'!$H$6:$H$68,FALSE))),0)
A15: 3 | B15: GĐ2 | C15: =IF((COUNTIFS('TV1'!$L$6:$L$102,$A15,'TV1'!$H$6:$H$102,TRUE)+COUNTIFS('TV1'!$L$6:$L$102,$A15,'TV1'!$H$6:$H$102,FALSE))=0,"-",COUNTIFS('TV1'!$L$6:$L$102,$A15,'TV1'!$H$6:$H$102,TRUE)&"/"&(COUNTIFS('TV1'!$L$6:$L$102,$A15,'TV1'!$H$6:$H$102,TRUE)+COUNTIFS('TV1'!$L$6:$L$102,$A15,'TV1'!$H$6:$H$102,FALSE))) | D15: =IF((COUNTIFS('TV2'!$L$6:$L$77,$A15,'TV2'!$H$6:$H$77,TRUE)+COUNTIFS('TV2'!$L$6:$L$77,$A15,'TV2'!$H$6:$H$77,FALSE))=0,"-",COUNTIFS('TV2'!$L$6:$L$77,$A15,'TV2'!$H$6:$H$77,TRUE)&"/"&(COUNTIFS('TV2'!$L$6:$L$77,$A15,'TV2'!$H$6:$H$77,TRUE)+COUNTIFS('TV2'!$L$6:$L$77,$A15,'TV2'!$H$6:$H$77,FALSE))) | E15: =IF((COUNTIFS('TV3'!$L$6:$L$75,$A15,'TV3'!$H$6:$H$75,TRUE)+COUNTIFS('TV3'!$L$6:$L$75,$A15,'TV3'!$H$6:$H$75,FALSE))=0,"-",COUNTIFS('TV3'!$L$6:$L$75,$A15,'TV3'!$H$6:$H$75,TRUE)&"/"&(COUNTIFS('TV3'!$L$6:$L$75,$A15,'TV3'!$H$6:$H$75,TRUE)+COUNTIFS('TV3'!$L$6:$L$75,$A15,'TV3'!$H$6:$H$75,FALSE))) | G15: =IF((COUNTIFS('TV4'!$L$6:$L$68,$A15,'TV4'!$H$6:$H$68,TRUE)+COUNTIFS('TV4'!$L$6:$L$68,$A15,'TV4'!$H$6:$H$68,FALSE))=0,"-",COUNTIFS('TV4'!$L$6:$L$68,$A15,'TV4'!$H$6:$H$68,TRUE)&"/"&(COUNTIFS('TV4'!$L$6:$L$68,$A15,'TV4'!$H$6:$H$68,TRUE)+COUNTIFS('TV4'!$L$6:$L$68,$A15,'TV4'!$H$6:$H$68,FALSE))) | H15: =IFERROR((COUNTIFS('TV1'!$L$6:$L$102,$A15,'TV1'!$H$6:$H$102,TRUE)+COUNTIFS('TV2'!$L$6:$L$77,$A15,'TV2'!$H$6:$H$77,TRUE)+COUNTIFS('TV3'!$L$6:$L$75,$A15,'TV3'!$H$6:$H$75,TRUE)+COUNTIFS('TV4'!$L$6:$L$68,$A15,'TV4'!$H$6:$H$68,TRUE))/((COUNTIFS('TV1'!$L$6:$L$102,$A15,'TV1'!$H$6:$H$102,TRUE)+COUNTIFS('TV1'!$L$6:$L$102,$A15,'TV1'!$H$6:$H$102,FALSE))+(COUNTIFS('TV2'!$L$6:$L$77,$A15,'TV2'!$H$6:$H$77,TRUE)+COUNTIFS('TV2'!$L$6:$L$77,$A15,'TV2'!$H$6:$H$77,FALSE))+(COUNTIFS('TV3'!$L$6:$L$75,$A15,'TV3'!$H$6:$H$75,TRUE)+COUNTIFS('TV3'!$L$6:$L$75,$A15,'TV3'!$H$6:$H$75,FALSE))+(COUNTIFS('TV4'!$L$6:$L$68,$A15,'TV4'!$H$6:$H$68,TRUE)+COUNTIFS('TV4'!$L$6:$L$68,$A15,'TV4'!$H$6:$H$68,FALSE))),0)
A16: 4 | B16: GĐ3 | C16: =IF((COUNTIFS('TV1'!$L$6:$L$102,$A16,'TV1'!$H$6:$H$102,TRUE)+COUNTIFS('TV1'!$L$6:$L$102,$A16,'TV1'!$H$6:$H$102,FALSE))=0,"-",COUNTIFS('TV1'!$L$6:$L$102,$A16,'TV1'!$H$6:$H$102,TRUE)&"/"&(COUNTIFS('TV1'!$L$6:$L$102,$A16,'TV1'!$H$6:$H$102,TRUE)+COUNTIFS('TV1'!$L$6:$L$102,$A16,'TV1'!$H$6:$H$102,FALSE))) | D16: =IF((COUNTIFS('TV2'!$L$6:$L$77,$A16,'TV2'!$H$6:$H$77,TRUE)+COUNTIFS('TV2'!$L$6:$L$77,$A16,'TV2'!$H$6:$H$77,FALSE))=0,"-",COUNTIFS('TV2'!$L$6:$L$77,$A16,'TV2'!$H$6:$H$77,TRUE)&"/"&(COUNTIFS('TV2'!$L$6:$L$77,$A16,'TV2'!$H$6:$H$77,TRUE)+COUNTIFS('TV2'!$L$6:$L$77,$A16,'TV2'!$H$6:$H$77,FALSE))) | E16: =IF((COUNTIFS('TV3'!$L$6:$L$75,$A16,'TV3'!$H$6:$H$75,TRUE)+COUNTIFS('TV3'!$L$6:$L$75,$A16,'TV3'!$H$6:$H$75,FALSE))=0,"-",COUNTIFS('TV3'!$L$6:$L$75,$A16,'TV3'!$H$6:$H$75,TRUE)&"/"&(COUNTIFS('TV3'!$L$6:$L$75,$A16,'TV3'!$H$6:$H$75,TRUE)+COUNTIFS('TV3'!$L$6:$L$75,$A16,'TV3'!$H$6:$H$75,FALSE))) | G16: =IF((COUNTIFS('TV4'!$L$6:$L$68,$A16,'TV4'!$H$6:$H$68,TRUE)+COUNTIFS('TV4'!$L$6:$L$68,$A16,'TV4'!$H$6:$H$68,FALSE))=0,"-",COUNTIFS('TV4'!$L$6:$L$68,$A16,'TV4'!$H$6:$H$68,TRUE)&"/"&(COUNTIFS('TV4'!$L$6:$L$68,$A16,'TV4'!$H$6:$H$68,TRUE)+COUNTIFS('TV4'!$L$6:$L$68,$A16,'TV4'!$H$6:$H$68,FALSE))) | H16: =IFERROR((COUNTIFS('TV1'!$L$6:$L$102,$A16,'TV1'!$H$6:$H$102,TRUE)+COUNTIFS('TV2'!$L$6:$L$77,$A16,'TV2'!$H$6:$H$77,TRUE)+COUNTIFS('TV3'!$L$6:$L$75,$A16,'TV3'!$H$6:$H$75,TRUE)+COUNTIFS('TV4'!$L$6:$L$68,$A16,'TV4'!$H$6:$H$68,TRUE))/((COUNTIFS('TV1'!$L$6:$L$102,$A16,'TV1'!$H$6:$H$102,TRUE)+COUNTIFS('TV1'!$L$6:$L$102,$A16,'TV1'!$H$6:$H$102,FALSE))+(COUNTIFS('TV2'!$L$6:$L$77,$A16,'TV2'!$H$6:$H$77,TRUE)+COUNTIFS('TV2'!$L$6:$L$77,$A16,'TV2'!$H$6:$H$77,FALSE))+(COUNTIFS('TV3'!$L$6:$L$75,$A16,'TV3'!$H$6:$H$75,TRUE)+COUNTIFS('TV3'!$L$6:$L$75,$A16,'TV3'!$H$6:$H$75,FALSE))+(COUNTIFS('TV4'!$L$6:$L$68,$A16,'TV4'!$H$6:$H$68,TRUE)+COUNTIFS('TV4'!$L$6:$L$68,$A16,'TV4'!$H$6:$H$68,FALSE))),0)
A17: 5 | B17: GĐ3 | C17: =IF((COUNTIFS('TV1'!$L$6:$L$102,$A17,'TV1'!$H$6:$H$102,TRUE)+COUNTIFS('TV1'!$L$6:$L$102,$A17,'TV1'!$H$6:$H$102,FALSE))=0,"-",COUNTIFS('TV1'!$L$6:$L$102,$A17,'TV1'!$H$6:$H$102,TRUE)&"/"&(COUNTIFS('TV1'!$L$6:$L$102,$A17,'TV1'!$H$6:$H$102,TRUE)+COUNTIFS('TV1'!$L$6:$L$102,$A17,'TV1'!$H$6:$H$102,FALSE))) | D17: =IF((COUNTIFS('TV2'!$L$6:$L$77,$A17,'TV2'!$H$6:$H$77,TRUE)+COUNTIFS('TV2'!$L$6:$L$77,$A17,'TV2'!$H$6:$H$77,FALSE))=0,"-",COUNTIFS('TV2'!$L$6:$L$77,$A17,'TV2'!$H$6:$H$77,TRUE)&"/"&(COUNTIFS('TV2'!$L$6:$L$77,$A17,'TV2'!$H$6:$H$77,TRUE)+COUNTIFS('TV2'!$L$6:$L$77,$A17,'TV2'!$H$6:$H$77,FALSE))) | E17: =IF((COUNTIFS('TV3'!$L$6:$L$75,$A17,'TV3'!$H$6:$H$75,TRUE)+COUNTIFS('TV3'!$L$6:$L$75,$A17,'TV3'!$H$6:$H$75,FALSE))=0,"-",COUNTIFS('TV3'!$L$6:$L$75,$A17,'TV3'!$H$6:$H$75,TRUE)&"/"&(COUNTIFS('TV3'!$L$6:$L$75,$A17,'TV3'!$H$6:$H$75,TRUE)+COUNTIFS('TV3'!$L$6:$L$75,$A17,'TV3'!$H$6:$H$75,FALSE))) | G17: =IF((COUNTIFS('TV4'!$L$6:$L$68,$A17,'TV4'!$H$6:$H$68,TRUE)+COUNTIFS('TV4'!$L$6:$L$68,$A17,'TV4'!$H$6:$H$68,FALSE))=0,"-",COUNTIFS('TV4'!$L$6:$L$68,$A17,'TV4'!$H$6:$H$68,TRUE)&"/"&(COUNTIFS('TV4'!$L$6:$L$68,$A17,'TV4'!$H$6:$H$68,TRUE)+COUNTIFS('TV4'!$L$6:$L$68,$A17,'TV4'!$H$6:$H$68,FALSE))) | H17: =IFERROR((COUNTIFS('TV1'!$L$6:$L$102,$A17,'TV1'!$H$6:$H$102,TRUE)+COUNTIFS('TV2'!$L$6:$L$77,$A17,'TV2'!$H$6:$H$77,TRUE)+COUNTIFS('TV3'!$L$6:$L$75,$A17,'TV3'!$H$6:$H$75,TRUE)+COUNTIFS('TV4'!$L$6:$L$68,$A17,'TV4'!$H$6:$H$68,TRUE))/((COUNTIFS('TV1'!$L$6:$L$102,$A17,'TV1'!$H$6:$H$102,TRUE)+COUNTIFS('TV1'!$L$6:$L$102,$A17,'TV1'!$H$6:$H$102,FALSE))+(COUNTIFS('TV2'!$L$6:$L$77,$A17,'TV2'!$H$6:$H$77,TRUE)+COUNTIFS('TV2'!$L$6:$L$77,$A17,'TV2'!$H$6:$H$77,FALSE))+(COUNTIFS('TV3'!$L$6:$L$75,$A17,'TV3'!$H$6:$H$75,TRUE)+COUNTIFS('TV3'!$L$6:$L$75,$A17,'TV3'!$H$6:$H$75,FALSE))+(COUNTIFS('TV4'!$L$6:$L$68,$A17,'TV4'!$H$6:$H$68,TRUE)+COUNTIFS('TV4'!$L$6:$L$68,$A17,'TV4'!$H$6:$H$68,FALSE))),0)
A18: 6 | B18: GĐ4 | C18: =IF((COUNTIFS('TV1'!$L$6:$L$102,$A18,'TV1'!$H$6:$H$102,TRUE)+COUNTIFS('TV1'!$L$6:$L$102,$A18,'TV1'!$H$6:$H$102,FALSE))=0,"-",COUNTIFS('TV1'!$L$6:$L$102,$A18,'TV1'!$H$6:$H$102,TRUE)&"/"&(COUNTIFS('TV1'!$L$6:$L$102,$A18,'TV1'!$H$6:$H$102,TRUE)+COUNTIFS('TV1'!$L$6:$L$102,$A18,'TV1'!$H$6:$H$102,FALSE))) | D18: =IF((COUNTIFS('TV2'!$L$6:$L$77,$A18,'TV2'!$H$6:$H$77,TRUE)+COUNTIFS('TV2'!$L$6:$L$77,$A18,'TV2'!$H$6:$H$77,FALSE))=0,"-",COUNTIFS('TV2'!$L$6:$L$77,$A18,'TV2'!$H$6:$H$77,TRUE)&"/"&(COUNTIFS('TV2'!$L$6:$L$77,$A18,'TV2'!$H$6:$H$77,TRUE)+COUNTIFS('TV2'!$L$6:$L$77,$A18,'TV2'!$H$6:$H$77,FALSE))) | E18: =IF((COUNTIFS('TV3'!$L$6:$L$75,$A18,'TV3'!$H$6:$H$75,TRUE)+COUNTIFS('TV3'!$L$6:$L$75,$A18,'TV3'!$H$6:$H$75,FALSE))=0,"-",COUNTIFS('TV3'!$L$6:$L$75,$A18,'TV3'!$H$6:$H$75,TRUE)&"/"&(COUNTIFS('TV3'!$L$6:$L$75,$A18,'TV3'!$H$6:$H$75,TRUE)+COUNTIFS('TV3'!$L$6:$L$75,$A18,'TV3'!$H$6:$H$75,FALSE))) | G18: =IF((COUNTIFS('TV4'!$L$6:$L$68,$A18,'TV4'!$H$6:$H$68,TRUE)+COUNTIFS('TV4'!$L$6:$L$68,$A18,'TV4'!$H$6:$H$68,FALSE))=0,"-",COUNTIFS('TV4'!$L$6:$L$68,$A18,'TV4'!$H$6:$H$68,TRUE)&"/"&(COUNTIFS('TV4'!$L$6:$L$68,$A18,'TV4'!$H$6:$H$68,TRUE)+COUNTIFS('TV4'!$L$6:$L$68,$A18,'TV4'!$H$6:$H$68,FALSE))) | H18: =IFERROR((COUNTIFS('TV1'!$L$6:$L$102,$A18,'TV1'!$H$6:$H$102,TRUE)+COUNTIFS('TV2'!$L$6:$L$77,$A18,'TV2'!$H$6:$H$77,TRUE)+COUNTIFS('TV3'!$L$6:$L$75,$A18,'TV3'!$H$6:$H$75,TRUE)+COUNTIFS('TV4'!$L$6:$L$68,$A18,'TV4'!$H$6:$H$68,TRUE))/((COUNTIFS('TV1'!$L$6:$L$102,$A18,'TV1'!$H$6:$H$102,TRUE)+COUNTIFS('TV1'!$L$6:$L$102,$A18,'TV1'!$H$6:$H$102,FALSE))+(COUNTIFS('TV2'!$L$6:$L$77,$A18,'TV2'!$H$6:$H$77,TRUE)+COUNTIFS('TV2'!$L$6:$L$77,$A18,'TV2'!$H$6:$H$77,FALSE))+(COUNTIFS('TV3'!$L$6:$L$75,$A18,'TV3'!$H$6:$H$75,TRUE)+COUNTIFS('TV3'!$L$6:$L$75,$A18,'TV3'!$H$6:$H$75,FALSE))+(COUNTIFS('TV4'!$L$6:$L$68,$A18,'TV4'!$H$6:$H$68,TRUE)+COUNTIFS('TV4'!$L$6:$L$68,$A18,'TV4'!$H$6:$H$68,FALSE))),0)
A19: 7 | B19: GĐ4 | C19: =IF((COUNTIFS('TV1'!$L$6:$L$102,$A19,'TV1'!$H$6:$H$102,TRUE)+COUNTIFS('TV1'!$L$6:$L$102,$A19,'TV1'!$H$6:$H$102,FALSE))=0,"-",COUNTIFS('TV1'!$L$6:$L$102,$A19,'TV1'!$H$6:$H$102,TRUE)&"/"&(COUNTIFS('TV1'!$L$6:$L$102,$A19,'TV1'!$H$6:$H$102,TRUE)+COUNTIFS('TV1'!$L$6:$L$102,$A19,'TV1'!$H$6:$H$102,FALSE))) | D19: =IF((COUNTIFS('TV2'!$L$6:$L$77,$A19,'TV2'!$H$6:$H$77,TRUE)+COUNTIFS('TV2'!$L$6:$L$77,$A19,'TV2'!$H$6:$H$77,FALSE))=0,"-",COUNTIFS('TV2'!$L$6:$L$77,$A19,'TV2'!$H$6:$H$77,TRUE)&"/"&(COUNTIFS('TV2'!$L$6:$L$77,$A19,'TV2'!$H$6:$H$77,TRUE)+COUNTIFS('TV2'!$L$6:$L$77,$A19,'TV2'!$H$6:$H$77,FALSE))) | E19: =IF((COUNTIFS('TV3'!$L$6:$L$75,$A19,'TV3'!$H$6:$H$75,TRUE)+COUNTIFS('TV3'!$L$6:$L$75,$A19,'TV3'!$H$6:$H$75,FALSE))=0,"-",COUNTIFS('TV3'!$L$6:$L$75,$A19,'TV3'!$H$6:$H$75,TRUE)&"/"&(COUNTIFS('TV3'!$L$6:$L$75,$A19,'TV3'!$H$6:$H$75,TRUE)+COUNTIFS('TV3'!$L$6:$L$75,$A19,'TV3'!$H$6:$H$75,FALSE))) | G19: =IF((COUNTIFS('TV4'!$L$6:$L$68,$A19,'TV4'!$H$6:$H$68,TRUE)+COUNTIFS('TV4'!$L$6:$L$68,$A19,'TV4'!$H$6:$H$68,FALSE))=0,"-",COUNTIFS('TV4'!$L$6:$L$68,$A19,'TV4'!$H$6:$H$68,TRUE)&"/"&(COUNTIFS('TV4'!$L$6:$L$68,$A19,'TV4'!$H$6:$H$68,TRUE)+COUNTIFS('TV4'!$L$6:$L$68,$A19,'TV4'!$H$6:$H$68,FALSE))) | H19: =IFERROR((COUNTIFS('TV1'!$L$6:$L$102,$A19,'TV1'!$H$6:$H$102,TRUE)+COUNTIFS('TV2'!$L$6:$L$77,$A19,'TV2'!$H$6:$H$77,TRUE)+COUNTIFS('TV3'!$L$6:$L$75,$A19,'TV3'!$H$6:$H$75,TRUE)+COUNTIFS('TV4'!$L$6:$L$68,$A19,'TV4'!$H$6:$H$68,TRUE))/((COUNTIFS('TV1'!$L$6:$L$102,$A19,'TV1'!$H$6:$H$102,TRUE)+COUNTIFS('TV1'!$L$6:$L$102,$A19,'TV1'!$H$6:$H$102,FALSE))+(COUNTIFS('TV2'!$L$6:$L$77,$A19,'TV2'!$H$6:$H$77,TRUE)+COUNTIFS('TV2'!$L$6:$L$77,$A19,'TV2'!$H$6:$H$77,FALSE))+(COUNTIFS('TV3'!$L$6:$L$75,$A19,'TV3'!$H$6:$H$75,TRUE)+COUNTIFS('TV3'!$L$6:$L$75,$A19,'TV3'!$H$6:$H$75,FALSE))+(COUNTIFS('TV4'!$L$6:$L$68,$A19,'TV4'!$H$6:$H$68,TRUE)+COUNTIFS('TV4'!$L$6:$L$68,$A19,'TV4'!$H$6:$H$68,FALSE))),0)
A20: 8 | B20: GĐ5 | C20: =IF((COUNTIFS('TV1'!$L$6:$L$102,$A20,'TV1'!$H$6:$H$102,TRUE)+COUNTIFS('TV1'!$L$6:$L$102,$A20,'TV1'!$H$6:$H$102,FALSE))=0,"-",COUNTIFS('TV1'!$L$6:$L$102,$A20,'TV1'!$H$6:$H$102,TRUE)&"/"&(COUNTIFS('TV1'!$L$6:$L$102,$A20,'TV1'!$H$6:$H$102,TRUE)+COUNTIFS('TV1'!$L$6:$L$102,$A20,'TV1'!$H$6:$H$102,FALSE))) | D20: =IF((COUNTIFS('TV2'!$L$6:$L$77,$A20,'TV2'!$H$6:$H$77,TRUE)+COUNTIFS('TV2'!$L$6:$L$77,$A20,'TV2'!$H$6:$H$77,FALSE))=0,"-",COUNTIFS('TV2'!$L$6:$L$77,$A20,'TV2'!$H$6:$H$77,TRUE)&"/"&(COUNTIFS('TV2'!$L$6:$L$77,$A20,'TV2'!$H$6:$H$77,TRUE)+COUNTIFS('TV2'!$L$6:$L$77,$A20,'TV2'!$H$6:$H$77,FALSE))) | E20: =IF((COUNTIFS('TV3'!$L$6:$L$75,$A20,'TV3'!$H$6:$H$75,TRUE)+COUNTIFS('TV3'!$L$6:$L$75,$A20,'TV3'!$H$6:$H$75,FALSE))=0,"-",COUNTIFS('TV3'!$L$6:$L$75,$A20,'TV3'!$H$6:$H$75,TRUE)&"/"&(COUNTIFS('TV3'!$L$6:$L$75,$A20,'TV3'!$H$6:$H$75,TRUE)+COUNTIFS('TV3'!$L$6:$L$75,$A20,'TV3'!$H$6:$H$75,FALSE))) | G20: =IF((COUNTIFS('TV4'!$L$6:$L$68,$A20,'TV4'!$H$6:$H$68,TRUE)+COUNTIFS('TV4'!$L$6:$L$68,$A20,'TV4'!$H$6:$H$68,FALSE))=0,"-",COUNTIFS('TV4'!$L$6:$L$68,$A20,'TV4'!$H$6:$H$68,TRUE)&"/"&(COUNTIFS('TV4'!$L$6:$L$68,$A20,'TV4'!$H$6:$H$68,TRUE)+COUNTIFS('TV4'!$L$6:$L$68,$A20,'TV4'!$H$6:$H$68,FALSE))) | H20: =IFERROR((COUNTIFS('TV1'!$L$6:$L$102,$A20,'TV1'!$H$6:$H$102,TRUE)+COUNTIFS('TV2'!$L$6:$L$77,$A20,'TV2'!$H$6:$H$77,TRUE)+COUNTIFS('TV3'!$L$6:$L$75,$A20,'TV3'!$H$6:$H$75,TRUE)+COUNTIFS('TV4'!$L$6:$L$68,$A20,'TV4'!$H$6:$H$68,TRUE))/((COUNTIFS('TV1'!$L$6:$L$102,$A20,'TV1'!$H$6:$H$102,TRUE)+COUNTIFS('TV1'!$L$6:$L$102,$A20,'TV1'!$H$6:$H$102,FALSE))+(COUNTIFS('TV2'!$L$6:$L$77,$A20,'TV2'!$H$6:$H$77,TRUE)+COUNTIFS('TV2'!$L$6:$L$77,$A20,'TV2'!$H$6:$H$77,FALSE))+(COUNTIFS('TV3'!$L$6:$L$75,$A20,'TV3'!$H$6:$H$75,TRUE)+COUNTIFS('TV3'!$L$6:$L$75,$A20,'TV3'!$H$6:$H$75,FALSE))+(COUNTIFS('TV4'!$L$6:$L$68,$A20,'TV4'!$H$6:$H$68,TRUE)+COUNTIFS('TV4'!$L$6:$L$68,$A20,'TV4'!$H$6:$H$68,FALSE))),0)
A22: Cổng kiểm tra
A23: Cổng | B23: Điều kiện đạt | C23: Trạng thái
A24: G0 · Cuối tuần 1, ngày 2 | B24: =COUNTIFS('Cổng kiểm tra'!$A$5:$A$33,"G0",'Cổng kiểm tra'!$D$5:$D$33,TRUE)&"/"&COUNTIF('Cổng kiểm tra'!$A$5:$A$33,"G0") | C24: =IF(COUNTIFS('Cổng kiểm tra'!$A$5:$A$33,"G0",'Cổng kiểm tra'!$D$5:$D$33,TRUE)=COUNTIF('Cổng kiểm tra'!$A$5:$A$33,"G0"),"ĐẠT","Chưa")
A25: G1 · Cuối tuần 1 (họp ~90 phút) | B25: =COUNTIFS('Cổng kiểm tra'!$A$5:$A$33,"G1",'Cổng kiểm tra'!$D$5:$D$33,TRUE)&"/"&COUNTIF('Cổng kiểm tra'!$A$5:$A$33,"G1") | C25: =IF(COUNTIFS('Cổng kiểm tra'!$A$5:$A$33,"G1",'Cổng kiểm tra'!$D$5:$D$33,TRUE)=COUNTIF('Cổng kiểm tra'!$A$5:$A$33,"G1"),"ĐẠT","Chưa")
A26: G2 · Cuối tuần 3 | B26: =COUNTIFS('Cổng kiểm tra'!$A$5:$A$33,"G2",'Cổng kiểm tra'!$D$5:$D$33,TRUE)&"/"&COUNTIF('Cổng kiểm tra'!$A$5:$A$33,"G2") | C26: =IF(COUNTIFS('Cổng kiểm tra'!$A$5:$A$33,"G2",'Cổng kiểm tra'!$D$5:$D$33,TRUE)=COUNTIF('Cổng kiểm tra'!$A$5:$A$33,"G2"),"ĐẠT","Chưa")
A27: G3 · Cuối tuần 5 | B27: =COUNTIFS('Cổng kiểm tra'!$A$5:$A$33,"G3",'Cổng kiểm tra'!$D$5:$D$33,TRUE)&"/"&COUNTIF('Cổng kiểm tra'!$A$5:$A$33,"G3") | C27: =IF(COUNTIFS('Cổng kiểm tra'!$A$5:$A$33,"G3",'Cổng kiểm tra'!$D$5:$D$33,TRUE)=COUNTIF('Cổng kiểm tra'!$A$5:$A$33,"G3"),"ĐẠT","Chưa")
A28: G4 · Cuối tuần 7 | B28: =COUNTIFS('Cổng kiểm tra'!$A$5:$A$33,"G4",'Cổng kiểm tra'!$D$5:$D$33,TRUE)&"/"&COUNTIF('Cổng kiểm tra'!$A$5:$A$33,"G4") | C28: =IF(COUNTIFS('Cổng kiểm tra'!$A$5:$A$33,"G4",'Cổng kiểm tra'!$D$5:$D$33,TRUE)=COUNTIF('Cổng kiểm tra'!$A$5:$A$33,"G4"),"ĐẠT","Chưa")
A29: GĐ5 · Tuần 8 | B29: =COUNTIFS('Cổng kiểm tra'!$A$5:$A$33,"GĐ5",'Cổng kiểm tra'!$D$5:$D$33,TRUE)&"/"&COUNTIF('Cổng kiểm tra'!$A$5:$A$33,"GĐ5") | C29: =IF(COUNTIFS('Cổng kiểm tra'!$A$5:$A$33,"GĐ5",'Cổng kiểm tra'!$D$5:$D$33,TRUE)=COUNTIF('Cổng kiểm tra'!$A$5:$A$33,"GĐ5"),"ĐẠT","Chưa")

Sheet TV1
A1: Checklist TV1 · Nền tảng, Tài khoản, Tiền
A2: Thành viên: | F2: Tiến độ: | G2: =IFERROR(COUNTIF($H$6:$H$102,TRUE)/(COUNTIF($H$6:$H$102,TRUE)+COUNTIF($H$6:$H$102,FALSE)),0) | H2: =COUNTIF($H$6:$H$102,TRUE)&"/"&(COUNTIF($H$6:$H$102,TRUE)+COUNTIF($H$6:$H$102,FALSE))&" bước"
A3: Tick cột "Xong" khi làm xong từng bước. Ô vàng là ô được sửa. Xem sheet "Hướng dẫn".
A5: Mã | B5: Tuần | C5: Việc | D5: Bước cần làm | E5: Cần có trước | F5: Kết quả bàn giao / cách kiểm tra | G5: Giờ | H5: Xong | I5: Ngày xong | J5: Link PR | K5: Ghi chú | L5: Tuần số
A6: C0 | B6: 1 · N1-2 | C6: Chuẩn bị máy (cả nhóm) | E6: — | F6: Máy chạy được CSDL, backend, frontend | G6: 2 | L6: 1
A7: C0 | B7: 1 · N1-2 | D7: Cài JDK 17+, Maven, Node.js 22, Git, XAMPP, VS Code + extension (Java, Spring Boot, Prettier, EditorConfig) | H7: FALSE | L7: 1
A8: C0 | B8: 1 · N1-2 | D8: Clone repo vào thư mục KHÔNG dấu, git checkout develop | H8: FALSE | L8: 1
A9: C0 | B9: 1 · N1-2 | D9: Tạo CSDL bằng database/foodrescue_schema.sql (XAMPP), chạy foodrescue_checks.sql thấy sạch | H9: FALSE | L9: 1
A10: C0 | B10: 1 · N1-2 | D10: Tạo application-local.yml từ file .example; mvn spring-boot:run; mở /api/ping thấy ok | H10: FALSE | L10: 1
A11: C0 | B11: 1 · N1-2 | D11: npm install, npm run dev; mở localhost:5173 thấy "đã nối được backend" | H11: FALSE | L11: 1
A12: C0 | B12: 1 · N1-2 | D12: Đọc tài liệu dự án mục 2-5 và toàn bộ Quy ước chung | H12: FALSE | L12: 1
A13: C0 | B13: 1 · N1-2 | D13: Tạo nhánh đầu tiên, mở 1 Pull Request thử, thấy CI chạy | H13: FALSE | L13: 1
A14: C0 | B14: 1 · N1-2 | D14: ✔ Kiểm tra: C0 chênh lệch 0; C1-C12 không trả dòng nào | H14: FALSE | L14: 1
A15: F1 | B15: 1 · N1 | C15: Tạo repo | E15: — | F15: Repo có develop; mọi người clone được | G15: 2 | L15: 1
A16: F1 | B16: 1 · N1 | D16: Tạo repo foodrescue gồm backend/, frontend/, database/, docs/. | H16: FALSE | L16: 1
A17: F1 | B17: 1 · N1 | D17: Chép .editorconfig, .gitattributes, .github/ từ quy_uoc_chung; chép 2 file SQL vào database/. | H17: FALSE | L17: 1
A18: F1 | B18: 1 · N1 | D18: Tạo nhánh develop; bảo vệ main, develop (bắt buộc PR + 1 duyệt). | H18: FALSE | L18: 1
A19: F1 | B19: 1 · N1 | D19: Tạo nhãn shared-change, api, db, bug; bảng GitHub Projects 5 cột. | H19: FALSE | L19: 1
A20: F1 | B20: 1 · N1 | D20: Mời 3 thành viên. | H20: FALSE | L20: 1
A21: F1 | B21: 1 · N1 | D21: ✔ Kiểm tra: Push thẳng lên develop bị từ chối | H21: FALSE | L21: 1
A22: F2 | B22: 1 · N1-2 | C22: Khung Spring Boot | E22: F1 | F22: mvn spring-boot:run nối được foodrescuedb; Swagger mở được | G22: 5 | L22: 1
A23: F2 | B23: 1 · N1-2 | D23: Spring Initializr: Java 17, Boot 3.3.x, Web, Data JPA, Security, Validation, MySQL Driver, Lombok; thêm jjwt, springdoc-openapi. | H23: FALSE | L23: 1
A24: F2 | B24: 1 · N1-2 | D24: Chép quy_uoc_chung/backend (common/*, application.yml, MoneyTest). | H24: FALSE | L24: 1
A25: F2 | B25: 1 · N1-2 | D25: Tạo application-local.example.yml (mật khẩu MySQL, JWT, VNPay), thêm bản thật vào .gitignore. | H25: FALSE | L25: 1
A26: F2 | B26: 1 · N1-2 | D26: CORS cho localhost:5173. | H26: FALSE | L26: 1
A27: F2 | B27: 1 · N1-2 | D27: API GET /api/ping công khai. | H27: FALSE | L27: 1
A28: F2 | B28: 1 · N1-2 | D28: ✔ Kiểm tra: MoneyTest pass; /api/ping trả 200 | H28: FALSE | L28: 1
A29: F5 | B29: 1 · N1-2 | C29: Khung React | E29: F1 | F29: npm run dev thấy 3 khu; npm run build chạy được | G29: 8 | L29: 1
A30: F5 | B30: 1 · N1-2 | D30: Vite + React; cài antd @ant-design/icons axios react-router-dom dayjs react-leaflet leaflet qrcode.react recharts. | H30: FALSE | L30: 1
A31: F5 | B31: 1 · N1-2 | D31: Chép quy_uoc_chung/frontend; thêm font Be Vietnam Pro; bọc ConfigProvider theme={antdTheme} locale={viVN}. | H31: FALSE | L31: 1
A32: F5 | B32: 1 · N1-2 | D32: 3 layout: Customer (header trắng), Store và Admin (menu trái). | H32: FALSE | L32: 1
A33: F5 | B33: 1 · N1-2 | D33: app/routes.jsx gộp routes của 5 feature; tạo sẵn file routes.jsx, menu.js rỗng cho cả 4 người. | H33: FALSE | L33: 1
A34: F5 | B34: 1 · N1-2 | D34: PrivateRoute roles=[...], lưu đăng nhập trong localStorage. | H34: FALSE | L34: 1
A35: F5 | B35: 1 · N1-2 | D35: Vite proxy /api sang 8080. | H35: FALSE | L35: 1
A36: F5 | B36: 1 · N1-2 | D36: ✔ Kiểm tra: Mở /admin khi chưa đăng nhập thì về /login | H36: FALSE | L36: 1
A37: F3 | B37: 1 · N3 | C37: 13 entity | E37: F2 | F37: 13 entity + 13 repository; sau đó chỉ sửa qua PR [DB] | G37: 6 | L37: 1
A38: F3 | B38: 1 · N3 | D38: Viết entity cho 13 bảng theo "Ghi chú JPA" (tài liệu dự án mục 10): @IdClass cho cart_items, enum dạng STRING, tiền BigDecimal, @ManyToOne(fetch = LAZY), @Immutable cho StockMovement, AuditLog. | H38: FALSE | L38: 1
A39: F3 | B39: 1 · N3 | D39: Repository cơ bản cho từng entity. | H39: FALSE | L39: 1
A40: F3 | B40: 1 · N3 | D40: Chạy ứng dụng với ddl-auto=validate, sửa đến khi hết lỗi. | H40: FALSE | L40: 1
A41: F3 | B41: 1 · N3 | D41: ✔ Kiểm tra: Ứng dụng khởi động không lỗi validate | H41: FALSE | L41: 1
A42: F4 | B42: 1 · N3-4 | C42: Bảo mật JWT | E42: F3 | F42: Mọi người gọi API có quyền bằng DevAuth | G42: 8 | L42: 1
A43: F4 | B43: 1 · N3-4 | D43: JwtService (tạo, đọc token 24 giờ), JwtAuthFilter. | H43: FALSE | L43: 1
A44: F4 | B44: 1 · N3-4 | D44: Quy tắc URL theo khu vực (Quy ước chung mục 5.1). | H44: FALSE | L44: 1
A45: F4 | B45: 1 · N3-4 | D45: CurrentUser trả {id, role, storeId, mustChangePassword}. | H45: FALSE | L45: 1
A46: F4 | B46: 1 · N3-4 | D46: Trả 401 / 403 dạng ApiError. | H46: FALSE | L46: 1
A47: F4 | B47: 1 · N3-4 | D47: DevAuth (profile dev): header X-Dev-User-Id giả lập người dùng. | H47: FALSE | L47: 1
A48: F4 | B48: 1 · N3-4 | D48: Tài khoản mustChangePassword chỉ gọi được API đổi mật khẩu. | H48: FALSE | L48: 1
A49: F4 | B49: 1 · N3-4 | D49: ✔ Kiểm tra: Không token → 401; X-Dev-User-Id: 8 gọi /api/admin/.. → 403; 1 → 200 | H49: FALSE | L49: 1
A50: F8 | B50: 1 · N4-5 | C50: 3 hàm dùng chung | E50: F3 | F50: 3 service để TV2, TV4 gọi | G50: 5 | L50: 1
A51: F8 | B51: 1 · N4-5 | D51: StockService: reserve(batchId, qty, orderId) = UPDATE có điều kiện + ghi ORDERED, trả false nếu thiếu; release(...) ghi RETURNED; adjust(batchId, delta, reason) cho LISTED / ADDED / REMOVED; tự đổi AVAILABLE ⇄ SOLD_OUT. | H51: FALSE | L51: 1
A52: F8 | B52: 1 · N4-5 | D52: AuditService.log(action, entityType, entityId, amount, detail). | H52: FALSE | L52: 1
A53: F8 | B53: 1 · N4-5 | D53: RefundService.request(order, reason): đơn CANCELLED + REFUND_PENDING, trả kho, tạo refunds, ghi log. | H53: FALSE | L53: 1
A54: F8 | B54: 1 · N4-5 | D54: Test tích hợp trên CSDL mẫu. | H54: FALSE | L54: 1
A55: F8 | B55: 1 · N4-5 | D55: ✔ Kiểm tra: Test: 10 luồng giữ túi còn 1 → đúng 1 thành công; C1b sạch; TC25 | H55: FALSE | L55: 1
A56: F6, F7 | B56: 1 · N5 | C56: Lưu file, Postman | E56: F2 | F56: Upload được ảnh; collection chung | G56: 5 | L56: 1
A57: F6, F7 | B57: 1 · N5 | D57: FileStorageService.save(file): chỉ jpg/png ≤ 5 MB, lưu /uploads, trả URL; phục vụ /uploads/**. | H57: FALSE | L57: 1
A58: F6, F7 | B58: 1 · N5 | D58: Postman collection + biến baseUrl, token, mỗi module một thư mục, lưu ở docs/postman. | H58: FALSE | L58: 1
A59: F6, F7 | B59: 1 · N5 | D59: ✔ Kiểm tra: Upload file .exe đổi đuôi .jpg bị từ chối | H59: FALSE | L59: 1
A60: H1 | B60: 1 · N4-5 | C60: Hợp đồng API | E60: F4 | F60: API hiện trên Swagger | G60: 3 | L60: 1
A61: H1 | B61: 1 · N4-5 | D61: Viết DTO (record) + controller trả dữ liệu giả cho /api/auth/login|register, /api/me, /api/admin/orders|refunds|payouts|finance|audit-logs, theo Quy ước chung mục 5.5. Mở PR nhãn api. | H61: FALSE | L61: 1
A62: H1 | B62: 1 · N4-5 | D62: ✔ Kiểm tra: Duyệt ở cổng G1 | H62: FALSE | L62: 1
A63: A1 | B63: 2 | C63: API tài khoản | E63: F4 | F63: 11 tài khoản mẫu đăng nhập được (mật khẩu 123456) | G63: 6 | L63: 2
A64: A1 | B64: 2 | D64: POST /api/auth/register (BCrypt, EMAIL_EXISTS). | H64: FALSE | L64: 2
A65: A1 | B65: 2 | D65: POST /api/auth/login: chặn LOCKED, trả token + mustChangePassword + user. | H65: FALSE | L65: 2
A66: A1 | B66: 2 | D66: GET/PUT /api/me. | H66: FALSE | L66: 2
A67: A1 | B67: 2 | D67: PUT /api/me/password: kiểm tra mật khẩu cũ, tắt must_change_password. | H67: FALSE | L67: 2
A68: A1 | B68: 2 | D68: ✔ Kiểm tra: Postman thư mục Auth; một phần TC24 | H68: FALSE | L68: 2
A69: A2 | B69: 2 | C69: Trang tài khoản | E69: A1 | F69: Cả nhóm bỏ DevAuth ở frontend, dùng đăng nhập thật | G69: 6 | L69: 2
A70: A2 | B70: 2 | D70: /login, /register: form theo Quy ước chung, lỗi hiện dưới ô nhập. | H70: FALSE | L70: 2
A71: A2 | B71: 2 | D71: Sau đăng nhập về đúng khu theo vai trò. | H71: FALSE | L71: 2
A72: A2 | B72: 2 | D72: /change-password bắt buộc khi có mật khẩu tạm. | H72: FALSE | L72: 2
A73: A2 | B73: 2 | D73: /profile, nút đăng xuất trên 3 layout. | H73: FALSE | L73: 2
A74: A2 | B74: 2 | D74: ✔ Kiểm tra: Đăng nhập 4 vai trò vào đúng khu | H74: FALSE | L74: 2
A75: A5 | B75: 3-4 | C75: Admin đơn hàng, hoàn tiền | E75: F8, seed | F75: Admin xử lý được đơn và hoàn tiền | G75: 10 | L75: 3
A76: A5 | B76: 3-4 | D76: GET /api/admin/orders lọc trạng thái, tìm mã; chi tiết kèm lịch sử tiền (thanh toán, hoàn, kỳ chi trả, nhật ký). | H76: FALSE | L76: 3
A77: A5 | B77: 3-4 | D77: POST /api/admin/orders/{id}/cancel gọi RefundService; chặn đơn COMPLETED / NO_SHOW. | H77: FALSE | L77: 3
A78: A5 | B78: 3-4 | D78: GET /api/admin/refunds, POST .../{id}/complete bắt buộc gatewayRef. | H78: FALSE | L78: 3
A79: A5 | B79: 3-4 | D79: Trang /admin/orders, /admin/refunds. | H79: FALSE | L79: 3
A80: A5 | B80: 3-4 | D80: ✔ Kiểm tra: TC10 (phần admin), TC15; C6 sạch | H80: FALSE | L80: 3
A81: A9 | B81: 5 | C81: Trang nhật ký | E81: F8 | F81: Thấy toàn bộ thao tác tiền và quản trị | G81: 3 | L81: 5
A82: A9 | B82: 5 | D82: GET /api/admin/audit-logs lọc hành động, loại, người, ngày, phân trang. | H82: FALSE | L82: 5
A83: A9 | B83: 5 | D83: Trang /admin/audit-logs; bấm dòng để mở đơn / kỳ chi trả / cửa hàng. | H83: FALSE | L83: 5
A84: A9 | B84: 5 | D84: ✔ Kiểm tra: Các thao tác ở G2-G3 đều có dòng log; C12 sạch | H84: FALSE | L84: 5
A85: A6 | B85: 6 | C85: Chi trả theo kỳ | E85: seed | F85: Admin chi trả trọn vòng; TV2 dùng được hàm | G85: 10 | L85: 6
A86: A6 | B86: 6 | D86: unpaid-summary, preview?storeId&from&to. | H86: FALSE | L86: 6
A87: A6 | B87: 6 | D87: POST /api/admin/payouts: 1 transaction, gắn đơn bằng UPDATE ... WHERE payout_id IS NULL, chụp tài khoản ngân hàng, PAYOUT_PENDING_EXISTS. | H87: FALSE | L87: 6
A88: A6 | B88: 6 | D88: /paid bắt buộc transferRef; /cancel gỡ đơn. | H88: FALSE | L88: 6
A89: A6 | B89: 6 | D89: Tách PayoutService.createForStore() cho TV2. | H89: FALSE | L89: 6
A90: A6 | B90: 6 | D90: Trang /admin/payouts. | H90: FALSE | L90: 6
A91: A6 | B91: 6 | D91: ✔ Kiểm tra: TC13, TC14; C7, C8, C9 sạch | H91: FALSE | L91: 6
A92: A7 | B92: 7 | C92: Đối soát | E92: A6 | F92: Trang đối soát | G92: 6 | L92: 7
A93: A7 | B93: 7 | D93: GET /api/admin/finance/reconciliation: 7 khoản tiền theo mục 5.7 tài liệu dự án + chênh lệch + bảng theo cửa hàng. | H93: FALSE | L93: 7
A94: A7 | B94: 7 | D94: Trang /admin/finance: chênh lệch khác 0 thì tô đỏ. | H94: FALSE | L94: 7
A95: A7 | B95: 7 | D95: ✔ Kiểm tra: TC16; số liệu trùng câu C0 | H95: FALSE | L95: 7
A96: A8 | B96: 8 | C96: Phát hành, báo cáo | E96: tất cả | F96: Bản cuối, báo cáo, slide | G96: 8 | L96: 8
A97: A8 | B97: 8 | D97: Merge develop → main, tag v1.0. | H97: FALSE | L97: 8
A98: A8 | B98: 8 | D98: (Tuỳ chọn) deploy frontend Vercel, backend Render, MySQL cloud. | H98: FALSE | L98: 8
A99: A8 | B99: 8 | D99: Ghép báo cáo, slide. | H99: FALSE | L99: 8
A100: A8 | B100: 8 | D100: ✔ Kiểm tra: Tập demo 2 lần | H100: FALSE | L100: 8
A101: — | B101: 1-8 | C101: Việc nhóm trưởng | E101: — | F101: Biên bản họp mỗi tuần | G101: 8 | L101: 1
...

Sheet TV2
A1: Checklist TV2 · Cửa hàng, Túi, Kho
A2: Thành viên: | F2: Tiến độ: | G2: =IFERROR(COUNTIF($H$6:$H$77,TRUE)/(COUNTIF($H$6:$H$77,TRUE)+COUNTIF($H$6:$H$77,FALSE)),0) | H2: =COUNTIF($H$6:$H$77,TRUE)&"/"&(COUNTIF($H$6:$H$77,TRUE)+COUNTIF($H$6:$H$77,FALSE))&" bước"
A3: Tick cột "Xong" khi làm xong từng bước. Ô vàng là ô được sửa. Xem sheet "Hướng dẫn".
A5: Mã | B5: Tuần | C5: Việc | D5: Bước cần làm | E5: Cần có trước | F5: Kết quả bàn giao / cách kiểm tra | G5: Giờ | H5: Xong | I5: Ngày xong | J5: Link PR | K5: Ghi chú | L5: Tuần số
A6: C0 | B6: 1 · N1-2 | C6: Chuẩn bị máy (cả nhóm) | E6: — | F6: Máy chạy được CSDL, backend, frontend | G6: 2 | L6: 1
A7: C0 | B7: 1 · N1-2 | D7: Cài JDK 17+, Maven, Node.js 22, Git, XAMPP, VS Code + extension (Java, Spring Boot, Prettier, EditorConfig) | H7: FALSE | L7: 1
A8: C0 | B8: 1 · N1-2 | D8: Clone repo vào thư mục KHÔNG dấu, git checkout develop | H8: FALSE | L8: 1
A9: C0 | B9: 1 · N1-2 | D9: Tạo CSDL bằng database/foodrescue_schema.sql (XAMPP), chạy foodrescue_checks.sql thấy sạch | H9: FALSE | L9: 1
A10: C0 | B10: 1 · N1-2 | D10: Tạo application-local.yml từ file .example; mvn spring-boot:run; mở /api/ping thấy ok | H10: FALSE | L10: 1
A11: C0 | B11: 1 · N1-2 | D11: npm install, npm run dev; mở localhost:5173 thấy "đã nối được backend" | H11: FALSE | L11: 1
A12: C0 | B12: 1 · N1-2 | D12: Đọc tài liệu dự án mục 2-5 và toàn bộ Quy ước chung | H12: FALSE | L12: 1
A13: C0 | B13: 1 · N1-2 | D13: Tạo nhánh đầu tiên, mở 1 Pull Request thử, thấy CI chạy | H13: FALSE | L13: 1
A14: C0 | B14: 1 · N1-2 | D14: ✔ Kiểm tra: C0 chênh lệch 0; C1-C12 không trả dòng nào | H14: FALSE | L14: 1
A15: S0 | B15: 1 · N1-3 | C15: Ghim bản đồ, giao diện tĩnh | E15: — | F15: Component ghim + 2 trang tĩnh | G15: 5 | L15: 1
A16: S0 | B16: 1 · N1-3 | D16: LocationPicker (react-leaflet): bấm hoặc kéo ghim → trả {lat, lng}, chặn toạ độ ngoài Việt Nam. | H16: FALSE | L16: 1
A17: S0 | B17: 1 · N1-3 | D17: Giao diện tĩnh trang đăng ký cửa hàng (3 bước) và trang quản lý túi, dùng component của TV3. | H17: FALSE | L17: 1
A18: S0 | B18: 1 · N1-3 | D18: ✔ Kiểm tra: Ghim ra đúng toạ độ | H18: FALSE | L18: 1
A19: H2 | B19: 1 · N4-5 | C19: Hợp đồng API | E19: F4 | F19: API hiện trên Swagger | G19: 3 | L19: 1
A20: H2 | B20: 1 · N4-5 | D20: DTO + controller dữ liệu giả cho /api/auth/register-store, /api/admin/stores*, /api/admin/users*, /api/store/batches*, quantity, stock-movements, profile, staff, revenue, statement, payouts. | H20: FALSE | L20: 1
A21: H2 | B21: 1 · N4-5 | D21: ✔ Kiểm tra: Duyệt ở G1 | H21: FALSE | L21: 1
A22: S1 | B22: 2 | C22: API đăng ký cửa hàng | E22: F4, F6 | F22: Đăng ký bằng Postman ra cửa hàng PENDING | G22: 5 | L22: 2
A23: S1 | B23: 2 | D23: POST /api/auth/register-store (multipart): tạo user STORE_OWNER + store PENDING trong 1 transaction; lưu ảnh giấy phép qua FileStorageService. | H23: FALSE | L23: 2
A24: S1 | B24: 2 | D24: Kiểm tra: email trùng, giờ đóng > giờ mở, toạ độ trong Việt Nam, đủ tài khoản ngân hàng. | H24: FALSE | L24: 2
A25: S1 | B25: 2 | D25: Chủ quán chưa duyệt đăng nhập thì storeStatus = PENDING. | H25: FALSE | L25: 2
A26: S1 | B26: 2 | D26: ✔ Kiểm tra: Đăng ký lần 2 cùng email → EMAIL_EXISTS | H26: FALSE | L26: 2
A27: S2 | B27: 2 | C27: Trang đăng ký cửa hàng | E27: S1 | F27: Đăng ký được trên giao diện | G27: 6 | L27: 2
A28: S2 | B28: 2 | D28: /store/register: Steps tài khoản → cửa hàng + ghim → giấy phép + ngân hàng. | H28: FALSE | L28: 2
A29: S2 | B29: 2 | D29: Xong thì báo "Chờ admin duyệt". | H29: FALSE | L29: 2
A30: S2 | B30: 2 | D30: Chủ quán PENDING đăng nhập thấy trang "Đang chờ duyệt". | H30: FALSE | L30: 2
A31: S2 | B31: 2 | D31: ✔ Kiểm tra: Thử với dữ liệu thiếu, sai | H31: FALSE | L31: 2
A32: S3 | B32: 3 | C32: Admin duyệt cửa hàng | E32: F8, seed | F32: Duyệt GreenMart với phí 10% | G32: 8 | L32: 3
A33: S3 | B33: 3 | D33: GET /api/admin/stores?status; approve (kèm tỉ lệ phí, mặc định 15%), reject (bắt buộc lý do), lock, unlock; PUT .../commission. | H33: FALSE | L33: 3
A34: S3 | B34: 3 | D34: Ghi log từng thao tác. | H34: FALSE | L34: 3
A35: S3 | B35: 3 | D35: Trang /admin/stores: tab theo trạng thái, xem ảnh giấy phép, bản đồ vị trí. | H35: FALSE | L35: 3
A36: S3 | B36: 3 | D36: ✔ Kiểm tra: Nhật ký có STORE_APPROVED | H36: FALSE | L36: 3
A37: S4 | B37: 3 | C37: API túi | E37: F8 | F37: Tạo, sửa túi bằng API | G37: 7 | L37: 3
A38: S4 | B38: 3 | D38: GET/POST/PUT /api/store/batches (multipart có ảnh), chỉ túi của cửa hàng mình. | H38: FALSE | L38: 3
A39: S4 | B39: 3 | D39: Kiểm tra giá ≤ 60% (Money.isValidRescuePrice), khung giờ, cửa hàng đã duyệt; túi đã có đơn thì không sửa giá / khung giờ. | H39: FALSE | L39: 3
A40: S4 | B40: 3 | D40: Tạo túi gọi StockService.adjust(LISTED). | H40: FALSE | L40: 3
A41: S4 | B41: 3 | D41: ✔ Kiểm tra: TC09; C1b sạch | H41: FALSE | L41: 3
A42: S5 | B42: 4 | C42: Trang quản lý túi | E42: S4 | F42: Chủ quán quản lý túi trên giao diện | G42: 7 | L42: 4
A43: S5 | B43: 4 | D43: /store/batches: bảng túi lọc trạng thái, StatusTag, PriceTag. | H43: FALSE | L43: 4
A44: S5 | B44: 4 | D44: Form tạo / sửa: danh mục, ảnh, giá, số lượng, khung giờ. | H44: FALSE | L44: 4
A45: S5 | B45: 4 | D45: Nút "Đăng lại" (chép túi cũ sang hôm nay). | H45: FALSE | L45: 4
A46: S5 | B46: 4 | D46: ✔ Kiểm tra: Tạo túi mới hiện ngay trên trang chủ | H46: FALSE | L46: 4
A47: S6 | B47: 4 | C47: Huỷ túi | E47: F8 | F47: Huỷ túi an toàn | G47: 4 | L47: 4
A48: S6 | B48: 4 | D48: POST /api/store/batches/{id}/cancel trong 1 transaction: túi CANCELLED; đơn CONFIRMED có túi đó → RefundService.request(BATCH_CANCELLED); đơn PENDING_PAYMENT → CANCELLED + UNPAID, trả kho; ghi log BATCH_CANCELLED. | H48: FALSE | L48: 4
A49: S6 | B49: 4 | D49: ✔ Kiểm tra: TC26; C1c, C6 sạch | H49: FALSE | L49: 4
A50: S7 | B50: 5 | C50: Hồ sơ cửa hàng | E50: S0 | F50: Chủ quán sửa được hồ sơ | G50: 5 | L50: 5
A51: S7 | B51: 5 | D51: GET/PUT /api/store/profile; trang sửa thông tin, ảnh, ghim lại vị trí, giờ mở cửa, tài khoản ngân hàng. | H51: FALSE | L51: 5
A52: S7 | B52: 5 | D52: ✔ Kiểm tra: Đổi vị trí → khoảng cách ở trang chủ đổi theo | H52: FALSE | L52: 5
A53: S8 | B53: 5 | C53: Thêm / bớt túi, sổ kho | E53: S4, F8 | F53: Thêm / bớt túi, xem sổ kho | G53: 6 | L53: 5
A54: S8 | B54: 5 | D54: PATCH .../quantity {delta} (nhân viên dùng được) gọi StockService.adjust (ADDED / REMOVED). | H54: FALSE | L54: 5
A55: S8 | B55: 5 | D55: GET .../stock-movements. | H55: FALSE | L55: 5
A56: S8 | B56: 5 | D56: Nút +/− trên bảng túi; trang sổ kho từng túi. | H56: FALSE | L56: 5
A57: S8 | B57: 5 | D57: ✔ Kiểm tra: TC18, TC23; C1, C1b sạch | H57: FALSE | L57: 5
A58: S9 | B58: 6 | C58: Nhân viên | E58: A1 | F58: Chủ quán quản lý nhân viên | G58: 6 | L58: 6
A59: S9 | B59: 6 | D59: POST /api/store/staff: tạo STORE_STAFF với store_id của chủ, mật khẩu tạm, must_change_password = TRUE. | H59: FALSE | L59: 6
A60: S9 | B60: 6 | D60: Khoá / mở khoá. | H60: FALSE | L60: 6
A61: S9 | B61: 6 | D61: Trang /store/staff. | H61: FALSE | L61: 6
A62: S9 | B62: 6 | D62: ✔ Kiểm tra: Nhân viên mới đăng nhập bị bắt đổi mật khẩu, chỉ thấy menu quầy + túi | H62: FALSE | L62: 6
A63: S13 | B63: 6 | C63: Admin người dùng | E63: F8 | F63: Admin quản lý tài khoản | G63: 6 | L63: 6
A64: S13 | B64: 6 | D64: GET /api/admin/users lọc vai trò, tìm email; khoá / mở khoá (không khoá chính mình). | H64: FALSE | L64: 6
A65: S13 | B65: 6 | D65: POST .../reset-password trả mật khẩu tạm 1 lần. | H65: FALSE | L65: 6
A66: S13 | B66: 6 | D66: Ghi log. | H66: FALSE | L66: 6
A67: S13 | B67: 6 | D67: Trang /admin/users. | H67: FALSE | L67: 6
A68: S13 | B68: 6 | D68: ✔ Kiểm tra: TC24 | H68: FALSE | L68: 6
A69: S10 | B69: 7 | C69: Doanh thu, sao kê, rút tiền | E69: A6 | F69: Cửa hàng xem và rút được tiền | G69: 12 | L69: 7
A70: S10 | B70: 7 | D70: GET /api/store/revenue (theo ngày). | H70: FALSE | L70: 7
A71: S10 | B71: 7 | D71: GET /api/store/statement (từng đơn, kỳ chi trả / chưa chi). | H71: FALSE | L71: 7
A72: S10 | B72: 7 | D72: GET /api/store/payouts. | H72: FALSE | L72: 7
A73: S10 | B73: 7 | D73: POST /api/store/payouts/request gọi PayoutService.createForStore(). | H73: FALSE | L73: 7
A74: S10 | B74: 7 | D74: Trang /store/revenue: thẻ số liệu, biểu đồ, bảng sao kê, nút "Yêu cầu rút tiền". | H74: FALSE | L74: 7
A75: S10 | B75: 7 | D75: ✔ Kiểm tra: TC19; số liệu trùng câu C13 | H75: FALSE | L75: 7
A76: S11, S12 | B76: 8 | C76: Test chéo, báo cáo | E76: — | F76: Danh sách lỗi; phần báo cáo | G76: 10 | L76: 8
A77: S11, S12 | B77: 8 | D77: Test module TV3 (TC06, TC12 và giao diện khách); sửa lỗi của mình; viết phần báo cáo cửa hàng, túi, kho, CSDL. | H77: FALSE | L77: 8

Sheet TV3
A1: Checklist TV3 · Khách hàng, Bản đồ, Giao diện chung
A2: Thành viên: | F2: Tiến độ: | G2: =IFERROR(COUNTIF($H$6:$H$75,TRUE)/(COUNTIF($H$6:$H$75,TRUE)+COUNTIF($H$6:$H$75,FALSE)),0) | H2: =COUNTIF($H$6:$H$75,TRUE)&"/"&(COUNTIF($H$6:$H$75,TRUE)+COUNTIF($H$6:$H$75,FALSE))&" bước"
A3: Tick cột "Xong" khi làm xong từng bước. Ô vàng là ô được sửa. Xem sheet "Hướng dẫn".
A5: Mã | B5: Tuần | C5: Việc | D5: Bước cần làm | E5: Cần có trước | F5: Kết quả bàn giao / cách kiểm tra | G5: Giờ | H5: Xong | I5: Ngày xong | J5: Link PR | K5: Ghi chú | L5: Tuần số
A6: C0 | B6: 1 · N1-2 | C6: Chuẩn bị máy (cả nhóm) | E6: — | F6: Máy chạy được CSDL, backend, frontend | G6: 2 | L6: 1
A7: C0 | B7: 1 · N1-2 | D7: Cài JDK 17+, Maven, Node.js 22, Git, XAMPP, VS Code + extension (Java, Spring Boot, Prettier, EditorConfig) | H7: FALSE | L7: 1
A8: C0 | B8: 1 · N1-2 | D8: Clone repo vào thư mục KHÔNG dấu, git checkout develop | H8: FALSE | L8: 1
A9: C0 | B9: 1 · N1-2 | D9: Tạo CSDL bằng database/foodrescue_schema.sql (XAMPP), chạy foodrescue_checks.sql thấy sạch | H9: FALSE | L9: 1
A10: C0 | B10: 1 · N1-2 | D10: Tạo application-local.yml từ file .example; mvn spring-boot:run; mở /api/ping thấy ok | H10: FALSE | L10: 1
A11: C0 | B11: 1 · N1-2 | D11: npm install, npm run dev; mở localhost:5173 thấy "đã nối được backend" | H11: FALSE | L11: 1
A12: C0 | B12: 1 · N1-2 | D12: Đọc tài liệu dự án mục 2-5 và toàn bộ Quy ước chung | H12: FALSE | L12: 1
A13: C0 | B13: 1 · N1-2 | D13: Tạo nhánh đầu tiên, mở 1 Pull Request thử, thấy CI chạy | H13: FALSE | L13: 1
A14: C0 | B14: 1 · N1-2 | D14: ✔ Kiểm tra: C0 chênh lệch 0; C1-C12 không trả dòng nào | H14: FALSE | L14: 1
A15: B0 | B15: 1 · N1-2 | C15: Thử OSRM, làm ảnh | E15: — | F15: Kết quả OSRM; bộ ảnh trong frontend/src/assets | G15: 5 | L15: 1
A16: B0 | B16: 1 · N1-2 | D16: Class Java nháp gọi OSRM Table API, in mét / giây (nhớ thứ tự kinh độ, vĩ độ). | H16: FALSE | L16: 1
A17: B0 | B17: 1 · N1-2 | D17: 6 ảnh danh mục PNG nền trong (đặt tên theo image_url trong SQL) + 3 banner (Canva) theo Quy ước chung mục 6.4. | H17: FALSE | L17: 1
A18: B0 | B18: 1 · N1-2 | D18: ✔ Kiểm tra: So quãng đường với Google Maps | H18: FALSE | L18: 1
A19: B14 | B19: 1 · N3-5 | C19: Bộ component dùng chung | E19: F5 | F19: Bộ component cho cả nhóm; trang chủ tĩnh giống mô phỏng | G19: 6 | L19: 1
A20: B14 | B20: 1 · N3-5 | D20: Trong shared/components: SiteHeader (logo, "Vị trí nhận hàng", ô tìm kiếm, Đăng nhập / Đăng ký, chỗ icon giỏ), CategoryStrip, BatchCard, PriceTag, MoneyText, StatusTag, DistanceText, PickupWindow, PageHeader, StatCard, EmptyState, ConfirmAction. | H20: FALSE | L20: 1
A21: B14 | B21: 1 · N3-5 | D21: Chỉ dùng theme.js, status.js, format.js. | H21: FALSE | L21: 1
A22: B14 | B22: 1 · N3-5 | D22: Trang chủ tĩnh với dữ liệu giả. | H22: FALSE | L22: 1
A23: B14 | B23: 1 · N3-5 | D23: ✔ Kiểm tra: TV1 duyệt PR (nhãn shared-change) | H23: FALSE | L23: 1
A24: H3 | B24: 1 · N4-5 | C24: Hợp đồng API | E24: F4 | F24: API hiện trên Swagger | G24: 3 | L24: 1
A25: H3 | B25: 1 · N4-5 | D25: DTO + controller dữ liệu giả cho /api/categories, /api/batches, /api/batches/{id}, /api/stores/{id} (+ reviews), /api/orders/{id}/review, /api/admin/categories, /api/admin/dashboard. | H25: FALSE | L25: 1
A26: H3 | B26: 1 · N4-5 | D26: ✔ Kiểm tra: Duyệt ở G1 | H26: FALSE | L26: 1
A27: B1 | B27: 2 | C27: API danh sách túi | E27: F3 | F27: API trả túi thật | G27: 6 | L27: 2
A28: B1 | B28: 2 | D28: GET /api/categories theo sort_order. | H28: FALSE | L28: 2
A29: B1 | B29: 2 | D29: GET /api/batches: chỉ túi AVAILABLE, chưa hết giờ, của cửa hàng APPROVED; lọc danh mục, từ khoá; sắp xếp rẻ nhất / sắp hết giờ; PageResponse. | H29: FALSE | L29: 2
A30: B1 | B30: 2 | D30: ✔ Kiểm tra: Túi của cửa hàng PENDING không hiện | H30: FALSE | L30: 2
A31: B2 | B31: 2 | C31: Trang chủ | E31: B1, B14 | F31: Trang chủ chạy dữ liệu thật | G31: 6 | L31: 2
A32: B2 | B32: 2 | D32: Nối CategoryStrip, lưới BatchCard với API. | H32: FALSE | L32: 2
A33: B2 | B33: 2 | D33: Tab "Danh sách / Bản đồ", chọn bán kính, sắp xếp, "Xem thêm". | H33: FALSE | L33: 2
A34: B2 | B34: 2 | D34: Trạng thái đang tải (Skeleton), trạng thái rỗng. | H34: FALSE | L34: 2
A35: B2 | B35: 2 | D35: ✔ Kiểm tra: Lọc danh mục đúng | H35: FALSE | L35: 2
A36: B3 | B36: 3 | C36: Tính khoảng cách | E36: B1 | F36: Mọi thẻ túi có khoảng cách | G36: 9 | L36: 3
A37: B3 | B37: 3 | D37: Lọc cửa hàng bằng ST_Distance_Sphere trong bán kính (≤ 30). | H37: FALSE | L37: 3
A38: B3 | B38: 3 | D38: Gọi OSRM 1 lần, timeout 2 giây. | H38: FALSE | L38: 3
A39: B3 | B39: 3 | D39: Lỗi thì dùng chim bay × 1,3 và estimated = true. | H39: FALSE | L39: 3
A40: B3 | B40: 3 | D40: Sắp xếp "gần nhất". | H40: FALSE | L40: 3
A41: B3 | B41: 3 | D41: Unit test trường hợp OSRM lỗi. | H41: FALSE | L41: 3
A42: B3 | B42: 3 | D42: ✔ Kiểm tra: TC06 | H42: FALSE | L42: 3
A43: B4 | B43: 3 | C43: Vị trí người dùng | E43: B3 | F43: Khoảng cách theo đúng vị trí người dùng | G43: 4 | L43: 3
A44: B4 | B44: 3 | D44: Hook useGeolocation (lỗi thì dùng trung tâm TP.HCM), lưu localStorage. | H44: FALSE | L44: 3
A45: B4 | B45: 3 | D45: "Vị trí nhận hàng" trên SiteHeader: hiện địa chỉ, bấm để chọn lại trên bản đồ. | H45: FALSE | L45: 3
A46: B4 | B46: 3 | D46: ✔ Kiểm tra: Từ chối quyền vị trí vẫn dùng được | H46: FALSE | L46: 3
A47: B12 | B47: 3 | C47: Admin danh mục | E47: F6 | F47: Admin quản lý danh mục | G47: 5 | L47: 3
A48: B12 | B48: 3 | D48: CRUD /api/admin/categories có ảnh và thứ tự; không xoá được danh mục đang có túi; trang /admin/categories. | H48: FALSE | L48: 3
A49: B12 | B49: 3 | D49: ✔ Kiểm tra: Đổi thứ tự → thanh danh mục đổi theo | H49: FALSE | L49: 3
A50: B5 | B50: 4 | C50: Trang bản đồ | E50: B3 | F50: Tìm túi trên bản đồ | G50: 7 | L50: 4
A51: B5 | B51: 4 | D51: /map: vị trí tôi + vòng bán kính, marker cửa hàng, popup (tên, số túi, khoảng cách, link), nút chọn vị trí khác. | H51: FALSE | L51: 4
A52: B5 | B52: 4 | D52: ✔ Kiểm tra: Marker khớp danh sách | H52: FALSE | L52: 4
A53: B6 | B53: 4 | C53: Chi tiết túi | E53: B1, O4 | F53: Thêm vào giỏ từ trang chi tiết | G53: 6 | L53: 4
A54: B6 | B54: 4 | D54: GET /api/batches/{id}?lat&lng. | H54: FALSE | L54: 4
A55: B6 | B55: 4 | D55: Trang /batches/:id: ảnh, mô tả, PriceTag, còn lại, khung giờ, bản đồ nhỏ, khoảng cách, đánh giá; chọn số lượng + <AddToCartButton> của TV4. | H55: FALSE | L55: 4
A56: B6 | B56: 4 | D56: ✔ Kiểm tra: TC21 trên giao diện | H56: FALSE | L56: 4
A57: B7 | B57: 5 | C57: Trang cửa hàng | E57: seed | F57: Trang cửa hàng công khai | G57: 5 | L57: 5
A58: B7 | B58: 5 | D58: GET /api/stores/{id}, /reviews; trang thông tin, túi đang bán, đánh giá. | H58: FALSE | L58: 5
A59: B7 | B59: 5 | D59: ✔ Kiểm tra: Cửa hàng bị khoá trả 404 | H59: FALSE | L59: 5
A60: B11 | B60: 5 | C60: Dữ liệu demo | E60: — | F60: Bản đồ, danh sách đầy túi để demo | G60: 4 | L60: 5
A61: B11 | B61: 5 | D61: database/demo_data.sql: khoảng 15 cửa hàng APPROVED rải TP.HCM + 30 túi có khung giờ tối nay, mỗi túi kèm 1 dòng sổ kho LISTED cho khớp số lượng. | H61: FALSE | L61: 5
A62: B11 | B62: 5 | D62: ✔ Kiểm tra: Chạy xong foodrescue_checks.sql vẫn sạch | H62: FALSE | L62: 5
A63: B8 | B63: 6 | C63: Đánh giá | E63: seed | F63: Khách đánh giá được | G63: 7 | L63: 6
A64: B8 | B64: 6 | D64: POST /api/orders/{id}/review: chỉ đơn COMPLETED của mình, 1 lần (REVIEW_NOT_ALLOWED). | H64: FALSE | L64: 6
A65: B8 | B65: 6 | D65: <ReviewButton> (modal chấm sao) giao cho TV4. | H65: FALSE | L65: 6
A66: B8 | B66: 6 | D66: Điểm trung bình hiện trên thẻ túi, trang cửa hàng. | H66: FALSE | L66: 6
A67: B8 | B67: 6 | D67: ✔ Kiểm tra: TC12; C10 sạch | H67: FALSE | L67: 6
A68: B9 | B68: 7 | C68: Hoàn thiện giao diện | E68: — | F68: Giao diện khách dùng tốt trên điện thoại | G68: 5 | L68: 7
A69: B9 | B69: 7 | D69: Kiểm tra mọi trang khách ở 375px; trạng thái rỗng, lỗi; directionsUrl trong shared/utils/maps.js cho TV4; favicon, tiêu đề trang. | H69: FALSE | L69: 7
A70: B9 | B70: 7 | D70: ✔ Kiểm tra: Buổi review giao diện cuối tuần 7 | H70: FALSE | L70: 7
A71: B13 | B71: 7 | C71: Thống kê chung | E71: seed | F71: Trang tổng quan admin | G71: 7 | L71: 7
A72: B13 | B72: 7 | D72: GET /api/admin/dashboard?from&to: tổng đơn, GMV, túi đã cứu, số cửa hàng, số khách; trang /admin có StatCard + biểu đồ. | H72: FALSE | L72: 7
A73: B13 | B73: 7 | D73: ✔ Kiểm tra: Số liệu khớp câu C13 | H73: FALSE | L73: 7
A74: B10 | B74: 8 | C74: Test chéo, báo cáo | E74: — | F74: Danh sách lỗi; phần báo cáo | G74: 5 | L74: 8
A75: B10 | B75: 8 | D75: Test module TV2 (TC09, TC18, TC23, TC26); sửa lỗi của mình; viết phần báo cáo bản đồ, khoảng cách, giao diện. | H75: FALSE | L75: 8

Sheet TV4
A1: Checklist TV4 · Giỏ hàng, Đơn, Thanh toán, Giao hàng
A2: Thành viên: | F2: Tiến độ: | G2: =IFERROR(COUNTIF($H$6:$H$68,TRUE)/(COUNTIF($H$6:$H$68,TRUE)+COUNTIF($H$6:$H$68,FALSE)),0) | H2: =COUNTIF($H$6:$H$68,TRUE)&"/"&(COUNTIF($H$6:$H$68,TRUE)+COUNTIF($H$6:$H$68,FALSE))&" bước"
A3: Tick cột "Xong" khi làm xong từng bước. Ô vàng là ô được sửa. Xem sheet "Hướng dẫn".
A5: Mã | B5: Tuần | C5: Việc | D5: Bước cần làm | E5: Cần có trước | F5: Kết quả bàn giao / cách kiểm tra | G5: Giờ | H5: Xong | I5: Ngày xong | J5: Link PR | K5: Ghi chú | L5: Tuần số
A6: C0 | B6: 1 · N1-2 | C6: Chuẩn bị máy (cả nhóm) | E6: — | F6: Máy chạy được CSDL, backend, frontend | G6: 2 | L6: 1
A7: C0 | B7: 1 · N1-2 | D7: Cài JDK 17+, Maven, Node.js 22, Git, XAMPP, VS Code + extension (Java, Spring Boot, Prettier, EditorConfig) | H7: FALSE | L7: 1
A8: C0 | B8: 1 · N1-2 | D8: Clone repo vào thư mục KHÔNG dấu, git checkout develop | H8: FALSE | L8: 1
A9: C0 | B9: 1 · N1-2 | D9: Tạo CSDL bằng database/foodrescue_schema.sql (XAMPP), chạy foodrescue_checks.sql thấy sạch | H9: FALSE | L9: 1
A10: C0 | B10: 1 · N1-2 | D10: Tạo application-local.yml từ file .example; mvn spring-boot:run; mở /api/ping thấy ok | H10: FALSE | L10: 1
A11: C0 | B11: 1 · N1-2 | D11: npm install, npm run dev; mở localhost:5173 thấy "đã nối được backend" | H11: FALSE | L11: 1
A12: C0 | B12: 1 · N1-2 | D12: Đọc tài liệu dự án mục 2-5 và toàn bộ Quy ước chung | H12: FALSE | L12: 1
A13: C0 | B13: 1 · N1-2 | D13: Tạo nhánh đầu tiên, mở 1 Pull Request thử, thấy CI chạy | H13: FALSE | L13: 1
A14: C0 | B14: 1 · N1-2 | D14: ✔ Kiểm tra: C0 chênh lệch 0; C1-C12 không trả dòng nào | H14: FALSE | L14: 1
A15: O0 | B15: 1 · N1-3 | C15: Chuẩn bị VNPay | E15: — | F15: Hàm ký đúng; đã trả tiền thử thành công | G15: 6 | L15: 1
A16: O0 | B16: 1 · N1-3 | D16: Đăng ký merchant sandbox, nhận vnp_TmnCode, vnp_HashSecret, gửi nhóm qua tin nhắn riêng. | H16: FALSE | L16: 1
A17: O0 | B17: 1 · N1-3 | D17: VnPaySigner: sắp xếp tham số, URL-encode, HMAC-SHA512 + unit test. | H17: FALSE | L17: 1
A18: O0 | B18: 1 · N1-3 | D18: Tạo 1 link thật, trả bằng thẻ NCB test. | H18: FALSE | L18: 1
A19: O0 | B19: 1 · N1-3 | D19: ✔ Kiểm tra: Link mở được trang VNPay | H19: FALSE | L19: 1
A20: H4 | B20: 1 · N4-5 | C20: Hợp đồng API | E20: F4 | F20: API hiện trên Swagger | G20: 3 | L20: 1
A21: H4 | B21: 1 · N4-5 | D21: DTO + controller dữ liệu giả cho /api/cart*, /api/orders*, /api/payments/vnpay/*, /api/store/orders*, /api/store/pickup/*. | H21: FALSE | L21: 1
A22: H4 | B22: 1 · N4-5 | D22: ✔ Kiểm tra: Duyệt ở G1 | H22: FALSE | L22: 1
A23: O12 | B23: 2 | C23: API giỏ hàng | E23: F3 | F23: Giỏ hàng chạy qua Postman | G23: 4 | L23: 2
A24: O12 | B24: 2 | D24: GET /api/cart (giá, số còn lại mới nhất, đánh dấu túi hết / hết giờ, khung giờ chung, canCheckout); thêm (1-5 mỗi loại), sửa, xoá, xoá hết; túi khác cửa hàng → CART_OTHER_STORE. | H24: FALSE | L24: 2
A25: O12 | B25: 2 | D25: ✔ Kiểm tra: TC21 (backend) | H25: FALSE | L25: 2
A26: O1 | B26: 2 | C26: API tạo đơn | E26: F8, O12 | F26: Tạo đơn nhiều túi đúng tiền, đúng kho | G26: 9 | L26: 2
A27: O1 | B27: 2 | D27: POST /api/orders lấy giỏ của khách. | H27: FALSE | L27: 2
A28: O1 | B28: 2 | D28: Kiểm tra túi còn bán, cùng cửa hàng, có khung giờ chung. | H28: FALSE | L28: 2
A29: O1 | B29: 2 | D29: Trong 1 transaction: StockService.reserve từng túi theo id tăng dần (thiếu thì rollback, báo túi nào); tạo orders + order_items; mã đơn, mã nhận hàng; phí theo stores.commission_rate qua Money; payments PENDING; xoá giỏ. | H29: FALSE | L29: 2
A30: O1 | B30: 2 | D30: ✔ Kiểm tra: C1-C5 sạch sau khi tạo đơn | H30: FALSE | L30: 2
A31: O2 | B31: 2 | C31: Test đặt đồng thời | E31: O1 | F31: Test tự động chạy trong CI | G31: 4 | L31: 2
A32: O2 | B32: 2 | D32: Test JUnit: 10 luồng cùng đặt túi còn 1; đơn 2 loại túi mà 1 loại thiếu. | H32: FALSE | L32: 2
A33: O2 | B33: 2 | D33: ✔ Kiểm tra: TC01, TC22 | H33: FALSE | L33: 2
A34: O3 | B34: 3 | C34: Tích hợp VNPay | E34: O0, O1 | F34: Thanh toán thật trên sandbox | G34: 9 | L34: 3
A35: O3 | B35: 3 | D35: Tạo paymentUrl (hết hạn 10 phút). | H35: FALSE | L35: 3
A36: O3 | B36: 3 | D36: /api/payments/vnpay/return và /ipn cùng gọi confirm(): kiểm tra chữ ký, số tiền; chỉ xử lý 1 lần; 00 → CONFIRMED + PAID + log; mã khác → EXPIRED + trả kho. | H36: FALSE | L36: 3
A37: O3 | B37: 3 | D37: Tiền về khi đơn đã EXPIRED: còn hàng thì giữ lại và CONFIRMED, hết thì RefundService(LATE_PAYMENT). | H37: FALSE | L37: 3
A38: O3 | B38: 3 | D38: ✔ Kiểm tra: TC02, TC03, TC04, TC17 | H38: FALSE | L38: 3
A39: O4 | B39: 3 | C39: Giỏ hàng, kết quả thanh toán | E39: O12, O3 | F39: Mua hàng trọn vẹn trên giao diện | G39: 8 | L39: 3
A40: O4 | B40: 3 | D40: <AddToCartButton> giao TV3; hook useCart cho icon giỏ trên header. | H40: FALSE | L40: 3
A41: O4 | B41: 3 | D41: Trang /cart: danh sách túi, sửa số lượng, tổng tiền, khung giờ chung, cảnh báo túi hết, nút "Đặt hàng". | H41: FALSE | L41: 3
A42: O4 | B42: 3 | D42: /payment/result: gửi tham số về backend, hiện thành công + mã nhận hàng / thất bại. | H42: FALSE | L42: 3
A43: O4 | B43: 3 | D43: ✔ Kiểm tra: Làm lại TC02, TC21 trên giao diện | H43: FALSE | L43: 3
A44: O5 | B44: 4 | C44: Đơn của tôi | E44: seed | F44: Khách theo dõi được đơn | G44: 8 | L44: 4
A45: O5 | B45: 4 | D45: GET /api/orders, /{id}. | H45: FALSE | L45: 4
A46: O5 | B46: 4 | D46: Trang /orders: tab theo trạng thái; đơn chờ nhận hiện mã + QR, khung giờ, "Chỉ đường"; đơn chưa trả có nút huỷ (POST .../cancel, trả kho); đơn bị huỷ hiện trạng thái hoàn tiền; chỗ gắn <ReviewButton>. | H46: FALSE | L46: 4
A47: O5 | B47: 4 | D47: ✔ Kiểm tra: Huỷ đơn chưa trả → C1c sạch | H47: FALSE | L47: 4
A48: O6 | B48: 4 | C48: 2 tác vụ tự động | E48: O1 | F48: Đơn và túi tự đổi trạng thái | G48: 5 | L48: 4
A49: O6 | B49: 4 | D49: Mỗi phút: đơn PENDING_PAYMENT quá 15 phút → EXPIRED (UPDATE có điều kiện trạng thái) + StockService.release. | H49: FALSE | L49: 4
A50: O6 | B50: 4 | D50: Mỗi 5 phút: túi quá giờ → EXPIRED; đơn CONFIRMED quá pickup_end + 30 phút → NO_SHOW + completed_at. | H50: FALSE | L50: 4
A51: O6 | B51: 4 | D51: Ghi log. | H51: FALSE | L51: 4
A52: O6 | B52: 4 | D52: ✔ Kiểm tra: TC05; C1c, C5 sạch | H52: FALSE | L52: 4
A53: O7 | B53: 5 | C53: Màn hình quầy | E53: seed | F53: Nhân viên thấy đơn mới | G53: 6 | L53: 5
A54: O7 | B54: 5 | D54: GET /api/store/orders?date=today (lọc theo storeId trong token); trang /store/counter: đơn hôm nay theo khung giờ, tự tải lại 15 giây, ô nhập mã lớn cho máy tính bảng. | H54: FALSE | L54: 5
A55: O7 | B55: 5 | D55: ✔ Kiểm tra: Đơn mới hiện sau ≤ 15 giây | H55: FALSE | L55: 5
A56: O8 | B56: 5 | C56: Giao hàng bằng mã | E56: O7 | F56: Giao hàng tại quầy | G56: 5 | L56: 5
A57: O8 | B57: 5 | D57: GET /api/store/pickup/{code}: đúng cửa hàng, CONFIRMED, trong khung giờ (sớm 15 phút, trễ 30 phút). | H57: FALSE | L57: 5
A58: O8 | B58: 5 | D58: POST .../complete: COMPLETED, handled_by, completed_at, log. | H58: FALSE | L58: 5
A59: O8 | B59: 5 | D59: Modal hiện tên khách + danh sách túi, nút "Đã giao". | H59: FALSE | L59: 5
A60: O8 | B60: 5 | D60: ✔ Kiểm tra: TC07, TC08; C11 sạch | H60: FALSE | L60: 5
A61: O9 | B61: 6 | C61: Đơn của cửa hàng, huỷ đơn | E61: F8 | F61: Cửa hàng xử lý đơn hết hàng | G61: 6 | L61: 6
A62: O9 | B62: 6 | D62: /store/orders lọc ngày, trạng thái; chi tiết đơn các túi; chủ quán huỷ đơn (bắt buộc lý do) → RefundService.request(STORE_CANCELLED). | H62: FALSE | L62: 6
A63: O9 | B63: 6 | D63: ✔ Kiểm tra: TC10 (phần cửa hàng) | H63: FALSE | L63: 6
A64: O10 | B64: 7 | C64: Kiểm tra toàn luồng đơn | E64: — | F64: Luồng đơn không lỗi | G64: 6 | L64: 7
A65: O10 | B65: 7 | D65: Chạy TC01-TC05, TC07, TC08, TC17, TC21, TC22 trên giao diện; sửa lỗi; nếu đã deploy: thử IPN thật. | H65: FALSE | L65: 7
A66: O10 | B66: 7 | D66: ✔ Kiểm tra: Bảng kết quả test | H66: FALSE | L66: 7
A67: O11 | B67: 8 | C67: Test chéo, báo cáo | E67: — | F67: Danh sách lỗi; phần báo cáo | G67: 7 | L67: 8
A68: O11 | B68: 8 | D68: Test module TV1 (TC10, TC13-TC16, TC19, TC24); viết phần báo cáo giỏ hàng, thanh toán, chống bán vượt. | H68: FALSE | L68: 8

Sheet Cổng kiểm tra
A1: Cổng kiểm tra cuối mỗi giai đoạn
A2: Tick ở buổi họp cuối giai đoạn. Chưa đủ thì chưa sang giai đoạn sau (Kế hoạch mục 3).
A4: Cổng | B4: Thời điểm | C4: Điều kiện | D4: Đạt | E4: Ngày | F4: Người xác nhận | G4: Ghi chú
A5: G0 | B5: Cuối tuần 1, ngày 2 | C5: git clone → mvn spring-boot:run chạy; /swagger-ui.html mở được | D5: FALSE
A6: G0 | C6: Gọi /api/orders không token trả 401 dạng ApiError | D6: FALSE
A7: G0 | C7: npm run dev thấy 3 khu (khách, cửa hàng, admin), mỗi khu trang "Đang xây dựng" | D7: FALSE
A8: G0 | C8: MoneyTest pass; CI xanh trên develop | D8: FALSE
A9: G0 | C9: Mỗi người đã tạo nhánh đầu tiên và mở PR thử | D9: FALSE
A10: G1 | B10: Cuối tuần 1 (họp ~90 phút) | C10: Swagger trên develop hiện đủ API ở mục 8 tài liệu dự án (trả dữ liệu giả đúng định dạng) | D10: FALSE
A11: G1 | C11: Cả nhóm duyệt tên trường JSON theo từ điển thuật ngữ | D11: FALSE
A12: G1 | C12: Entity khớp CSDL (ứng dụng chạy với ddl-auto=validate) | D12: FALSE
A13: G1 | C13: StockService có test giữ hàng; TC25 (trigger) đạt | D13: FALSE
A14: G1 | C14: Trang chủ tĩnh đạt mẫu mục 6.4 Quy ước chung | D14: FALSE
A15: G1 | C15: TV1 gắn tag v0.1 | D15: FALSE
A16: G2 | B16: Cuối tuần 3 | C16: Đăng ký GreenMart → admin duyệt với phí 10% | D16: FALSE
A17: G2 | C17: Chủ quán tạo được túi | D17: FALSE
A18: G2 | C18: Khách thấy túi trên trang chủ kèm khoảng cách, lọc được danh mục | D18: FALSE
A19: G2 | C19: Thêm 2 loại túi vào giỏ → đặt → trả thẻ test VNPay → đơn CONFIRMED + PAID | D19: FALSE
A20: G2 | C20: Đạt TC01, TC02, TC03, TC04, TC06, TC09, TC21, TC22 | D20: FALSE
A21: G2 | C21: foodrescue_checks.sql sạch; tag v0.3 | D21: FALSE
A22: G3 | B22: Cuối tuần 5 | C22: Chạy được bước 1-6 kịch bản demo mục 14.2 tài liệu dự án | D22: FALSE
A23: G3 | C23: Đạt TC05, TC07, TC08, TC17, TC18, TC23, TC26 | D23: FALSE
A24: G3 | C24: Nạp demo_data.sql xong foodrescue_checks.sql vẫn sạch | D24: FALSE
A25: G3 | C25: Tag v0.5 lên main | D25: FALSE
A26: G4 | B26: Cuối tuần 7 | C26: Đạt TC10-TC16, TC19, TC24 | D26: FALSE
A27: G4 | C27: Chạy đủ 26 test case một lượt, ghi kết quả | D27: FALSE
A28: G4 | C28: Trang đối soát và câu C0 cùng ra chênh lệch 0 | D28: FALSE
A29: G4 | C29: Dừng thêm tính năng mới; tag v0.9 | D29: FALSE
A30: GĐ5 | B30: Tuần 8 | C30: Ngày 1: chạy lại schema; test chéo (TV1→TV4, TV2→TV3, TV3→TV2, TV4→TV1); ghi lỗi vào Issues | D30: FALSE
A31: GĐ5 | C31: Ngày 2-3: sửa lỗi mức cao (tiền, kho, phân quyền); chạy lại checks và 26 test case | D31: FALSE
A32: GĐ5 | C32: Ngày 4: merge develop → main, tag v1.0, (tuỳ chọn) deploy; mỗi người viết phần báo cáo | D32: FALSE
A33: GĐ5 | C33: Ngày 5: ghép báo cáo, slide; tập demo 2 lần; quay video dự phòng | D33: FALSE
